model,metric,published,reproduced,difference_reproduced_minus_published
Logistic Regression,auc,0.83,0.877,0.04700000000000004
Logistic Regression,accuracy,0.83,0.8,-0.029999999999999916
Logistic Regression,sensitivity,0.85,0.8089,-0.041100000000000025
Logistic Regression,specificity,0.82,0.7917,-0.028299999999999992
Logistic Regression,brier_score,0.14,0.1417,0.0016999999999999793
Random Forest,auc,0.84,0.8809,0.04090000000000005
Random Forest,accuracy,0.84,0.8062,-0.03379999999999994
Random Forest,sensitivity,0.84,0.7962,-0.04379999999999995
Random Forest,specificity,0.84,0.8155,-0.024499999999999966
Random Forest,brier_score,0.12,0.1411,0.021100000000000008
