param_rfe__n_features_to_select,param_classifier__n_estimators,param_classifier__max_depth,param_classifier__min_samples_split,mean_test_score,std_test_score,mean_train_score
34,300,,5,0.8884669509594882,0.011205203810716878,0.9999829433432572
34,300,10,5,0.8880121772091922,0.010426854696461284,0.9988166424633906
34,300,,2,0.8868708362947169,0.011958812954357832,0.9999985171004298
34,300,10,2,0.8860559583037194,0.010870773258132538,0.9996574590304654
34,100,,5,0.8860384269130538,0.010399100105872377,0.9999681055163923
34,100,10,5,0.8860361525704811,0.012010748009060369,0.9986691267050622
30,300,10,2,0.8854005685856432,0.011111488854887204,0.9995988657312228
30,300,10,5,0.8848913053778725,0.010316222937797168,0.9986423197076719
30,100,10,5,0.8848683724235963,0.010714512623443733,0.9984977300082472
30,100,,5,0.8847326226012793,0.010228712446491152,0.9999688488060032
30,300,,5,0.884638284766643,0.009009616931664657,0.9999792298389243
30,300,,2,0.8840354892205639,0.00935157735491538,0.99999851710043
30,100,10,2,0.8838644397062307,0.008893773163572663,0.9995818053948284
10,100,,5,0.883692489931296,0.00777688209124214,0.9996544490755067
10,300,,5,0.8827484008528785,0.007673363886201197,0.9997604613081993
34,100,10,2,0.8817636105188343,0.011481048368143223,0.999649299035213
10,300,10,5,0.8815673537076523,0.008933343426076186,0.9958928237316211
34,100,,2,0.881356740108979,0.015398064790008246,0.99999851710043
10,100,10,5,0.8812337834636341,0.008319655208196013,0.995559841760854
30,100,,2,0.8811871120587538,0.011436664456699826,0.99999851710043
20,300,10,5,0.8811476427386875,0.008553431255187812,0.9982553704955768
10,300,,2,0.8805420042643923,0.006999784142950734,0.99999851710043
10,300,10,2,0.880476427386875,0.009385502625600627,0.9986134859582142
20,300,,5,0.8798214167258944,0.008460442992527241,0.9999673681142239
10,100,,2,0.8795213456526889,0.00640753220146067,0.9999962916471793
20,300,,2,0.8794494195688227,0.007776813239635561,0.99999851710043
20,300,10,2,0.8790621653636579,0.009156739040843923,0.9994877446703339
20,100,,5,0.8778190476190477,0.009421508545241193,0.9999161856331803
10,100,10,2,0.8775692489931295,0.009247215667946113,0.9984333522967855
20,100,10,5,0.8773304430229804,0.011377403804216922,0.9980588167571213
20,100,,2,0.8750031746031744,0.009100382594007209,0.9999977752826797
20,100,10,2,0.8746677564558164,0.009538600250724779,0.999472187103628
