feature,importance
LDH,0.08532940996870889
EOT,0.0674515946175443
CA,0.06731452554115482
EO,0.055546460604415156
AST,0.05283575383963042
WBC,0.047421621329224714
PCR,0.04058784791383282
LYT,0.03926708258984778
MOT,0.03360231654573792
ALT,0.02991911325934791
NET,0.028239567823979683
BA,0.02750635095941044
RBC,0.02575200831167489
BAT,0.02532506041040156
Age,0.024457676084002695
Suspect,0.02224102666466135
NAT,0.021728278702802674
HCT,0.021706474638027492
HGB,0.021110138430563724
MO,0.020705456701611027
GGT,0.02002703629112007
LY,0.01976650426986995
ALP,0.01897839677237358
PLT1,0.018942565256240863
CK,0.018794641219377746
NE,0.018794341862992284
CREA,0.018781602250830507
MCV,0.018704438694630794
UREA,0.01823851545592088
KAL,0.01813324391991724
MCH,0.0177068440175778
GLU,0.016935310507811156
MCHC,0.01606394317591962
Sex,0.0020848513688371964
